"year","sum"
"<2000",287617.694711012
"2000-2006",594825.795136921
"2006-2012",944487.719842994
"2012-2018",1137409.54081044
"2018-2024",1206505.91373431
